{
  "segments": [
    {
      "id": "101",
      "length": 3020,
      "path": [
        [47.356888, -80.209206],
        [47.346573, -80.208259],
        [47.335866, -80.208946],
        [47.326515, -80.204398]
      ]
    },
    {
      "id": "102",
      "length": 5020,
      "path": [
        [47.326515, -80.204398],
        [47.312584, -80.209633],
        [47.301638, -80.207229],
        [47.294184, -80.201734],
        [47.284399, -80.206886],
        [47.27671, -80.201734]
      ]
    },
    {
      "id": "103",
      "length": 1600,
      "path": [
        [47.27671, -80.201734],
        [47.268058, -80.198487],
        [47.260595, -80.202602]
      ]
    }
  ]
}
